userId,movieId,tag,timestamp
2,60756,funny,1445714994
2,89774,Boxing story,1445715207
2,106782,drugs,1445715054
7,48516,way too long,1169687325
18,431,Al Pacino,1462138765
18,1221,Al Pacino,1461699306
18,5995,holocaust,1455735472
18,44665,twist ending,1456948283
18,52604,Anthony Hopkins,1457650696
18,88094,britpop,1457444500
18,144210,dumpster diving,1455060381
21,1569,romantic comedy,1419805413
21,118985,painter,1419805477
21,119141,bloody,1419793962
49,109487,black hole,1493093306
62,2,fantasy,1528843929
62,110,beautiful scenery,1528152541
62,410,black comedy,1525636607
62,2023,Al Pacino,1525636728
62,2124,black comedy,1525636847
62,2953,family,1525636883
62,3114,animation,1525636903
62,3578,ancient Rome,1528152504
62,4223,Ed Harris,1528024869
62,5388,Al Pacino,1530310809
62,6058,sequel,1525555053
62,6534,dogs,1525554096
62,6541,captain nemo,1525554054
62,6564,adventure,1525554439
62,7153,Adventure,1528152558
62,8641,hilarious,1526249138
62,27660,animation,1525554490
62,27706,dark comedy,1526248598
62,27808,Adam Sandler,1525554900
62,27831,British gangster,1532723304
62,31658,anime,1525869041
62,33162,David Thewlis,1525554605
62,34150,Chris Evans,1525554141
62,37729,gothic,1530310527
62,38061,black comedy,1532723380
62,45447,adventure,1525637064
62,46723,Brad Pitt,1525554217
62,46972,Ben Stiller,1525554254
62,46976,emma thompson,1536874692
62,49130,Marion Cotillard,1526582371
62,49530,Africa,1536874706
62,53464,bad acting,1525554797
62,58047,Rachel Weisz,1528909364
62,59501,fantasy,1525637507
62,60074,bad script,1525554116
62,60126,Anne Hathaway,1527004240
62,61024,comedy,1528934218
62,63992,audience intelligence underestimated,1528934237
62,68848,Adrien Brody,1527274305
62,71535,Bill Murray,1529777198
62,87430,audience intelligence underestimated,1525555172
62,88405,comedy,1525554879
62,96861,Istanbul,1529611262
62,99114,action,1526078792
62,103042,Amy Adams,1525555328
62,104863,daniel radcliffe,1528843968
62,107348,comedy,1528935011
62,108190,anti-intellectual,1525554841
62,111743,Charlize Theron,1530471420
62,114180,action,1525554460
62,115149,dark hero,1528152251
62,116897,black comedy,1528152849
62,122912,comic book,1526029023
62,128360,characters,1526078910
62,135133,dystopia,1525637480
62,135518,Ben Kingsley,1530471365
62,135536,Bad story,1525555090
62,136864,action,1525555242
62,139385,leonardo DiCarpio,1526079025
62,158966,building a family,1526076353
62,168248,action,1528152295
62,174053,Dystopia,1525637341
62,179401,Action,1528934538
62,183611,Comedy,1526244689
62,184471,adventure,1528024900
62,187593,Josh Brolin,1527274096
62,187595,Emilia Clarke,1528934560
63,260,classic,1443199698
103,296,good dialogue,1431954555
106,4896,Everything you want is here,1467566944
106,106489,adventure,1467566979
119,101142,animation,1436563067
119,115617,animation,1435944890
119,120635,action,1438439306
125,1726,Kevin Costner,1474483317
125,2387,dark comedy,1474382225
125,3052,irreverent,1474592072
125,5088,irreverent,1474592207
125,7022,based on a book,1474381749
125,7254,alternate reality,1474381441
125,8957,brutal,1474382001
125,9010,cruel characters,1474381529
125,42632,brutality,1474381492
125,58301,dark humor,1474381561
125,60950,threesome,1474591817
125,62434,Seth Rogen,1474592476
125,67695,Seth Rogen,1474382123
125,100083,embarassing scenes,1474377075
125,156371,80's,1474469700
125,158872,Crude humor,1474382035
132,3556,sofia coppola,1163148016
132,6323,John Cusack,1161800041
132,6367,Ewan McGregor,1161799885
138,59103,jackie chan,1222676394
161,52287,Something for everyone in this one... saw it without and plan on seeing it with kids!,1176498861
166,293,assassin,1188774484
166,54286,assassin,1188774519
167,104,test tag,1154718872
184,2579,black and white,1537094307
184,3793,action,1537094381
184,4226,dark,1537094453
184,6283,amazing artwork,1537094506
184,27156,anime,1537094261
184,193565,anime,1537098582
193,4878,atmospheric,1435857150
193,7147,dreamlike,1435857017
193,7361,alternate reality,1435857168
193,97938,cinematography,1435857101
226,6938,big wave,1160681362
226,48780,ummarti2006,1161615435
256,126548,funny,1447532592
274,68319,comic book,1241762577
288,7020,Notable Nudity,1150988077
289,3,moldy,1143424860
289,527,moving,1143424895
289,1101,predictable,1143424846
291,50872,a clever chef rat,1453051551
291,102007,animation,1453135047
291,118696,hope,1453135079
300,6711,atmospheric,1425352343
305,4034,drugs,1462919721
305,4995,mathematics,1464428783
305,6502,zombies,1525274359
305,6953,DEPRESSING,1462398032
305,34405,predictable,1520284921
305,55721,Favelas,1462919777
305,83134,black comedy,1518811477
318,778,based on a book,1266408710
318,4612,reciprocal spectator,1416086512
318,4708,reciprocal spectator,1416086490
318,6400,documentary,1315333136
318,30892,Animation,1240158590
318,48698,the catholic church is the most corrupt organization in history,1276006189
318,64034,childish naivity,1242160404
318,68954,adventure,1266408634
318,71494,Narrative pisstake,1426783741
318,81158,american idolatry,1299452954
318,82459,atmospheric,1300485463
318,90769,celebrity fetishism,1422524320
318,96084,city politics,1421145735
318,111364,Creature Feature,1414693918
318,118784,documentary,1420400992
318,127172,film history,1423222565
319,364,Disney,1461351898
327,1288,music,1234790068
327,1923,Ben Stiller,1234789755
327,2616,comic book,1234789098
327,3481,music,1234788257
327,3897,music,1234788979
327,51255,british comedy,1234789115
336,1,pixar,1139045764
336,153,superhero,1139045840
336,552,knights,1139045825
336,1246,highschool,1139046768
336,32587,cult,1139046748
336,33660,boksdrama,1139046203
336,34162,stiller,1139046811
336,36529,wapendrama,1139046289
336,38798,sisters,1139047262
356,2146,post-college,1229142995
356,37384,restaurant,1229142458
356,40955,transvestite,1229140689
356,44889,satire,1229140863
356,61323,dark comedy,1228073481
357,39,chick flick,1348627867
357,1059,Amazing Cinematography,1348627235
357,2762,Atmospheric,1348626902
357,4370,android(s)/cyborg(s),1348628642
357,5464,cinematography,1348627174
357,7078,Bette Davis,1348628505
357,7444,Mark Ruffalo,1348627960
357,7451,clever,1348627907
357,54997,Christian Bale,1348627195
357,55290,Casey Affleck,1348627116
357,91500,ending,1348626941
357,91529,Anne Hathaway,1348626758
419,98961,Afghanistan,1362867327
424,32,time travel,1457901872
424,47,mystery,1457842470
424,50,mindfuck,1457842328
424,147,addiction,1457901627
424,175,controversial,1457901665
424,223,cynical,1457844066
424,288,brutality,1457846184
424,541,sci-fi,1457900918
424,589,apocalypse,1457844854
424,608,based on a true story,1457900882
424,628,edward norton,1457843774
424,1089,ensemble cast,1457844739
424,1120,freedom of expression,1457845558
424,1136,british comedy,1457901498
424,1193,emotional,1457843688
424,1198,adventure,1457901129
424,1200,action,1457901258
424,1219,Alfred Hitchcock,1457902455
424,1240,Action,1457901308
424,1258,atmospheric,1457843344
424,1343,horror,1457846257
424,1625,mindfuck,1457845252
424,1704,inspirational,1457844971
424,1921,hallucinatory,1457902516
424,2160,Atmospheric,1457843300
424,2296,SNL,1457846704
424,2329,thought-provoking,1457843729
424,2505,Nicolas Cage,1457902180
424,2571,martial arts,1457842912
424,2700,adult humor,1457844390
424,2959,dark comedy,1457842797
424,3176,based on a book,1457845042
424,3186,asylum,1457846005
424,3499,claustrophobic,1457846281
424,3527,aliens,1457901283
424,3911,satire,1457844176
424,3948,comedy,1457846488
424,4262,Al Pacino,1457900965
424,4816,ben stiller,1457846960
424,4993,fantasy,1457901156
424,5291,black and white,1457845331
424,6016,multiple storylines,1457900999
424,6188,comedy,1457846098
424,6290,Rob Zombie,1457902367
424,8950,Christian Bale,1457842841
424,27020,drugs,1457901575
424,30825,Ben Stiller,1457846573
424,34323,Rob Zombie,1457902355
424,40278,Jake Gyllenhaal,1457846443
424,53127,based on a play,1457923334
424,66097,claymation,1457844468
424,68157,black comedy,1457844667
424,74458,insanity,1457843102
424,79132,action,1457844927
424,81562,stranded,1457901404
424,81591,alter ego,1457845684
424,102903,illusions,1457845623
424,104879,absorbing,1457846360
424,106100,Jared Leto,1457845924
424,112515,atmospheric,1457843258
424,112556,annoying,1457845088
435,750,dark comedy,1366676044
435,58559,psychology,1366676040
439,5952,Myth,1436944038
439,98809,Action,1436944128
462,152711,Cambodia,1478489688
474,5,pregnancy,1137373903
474,7,remake,1137375642
474,11,politics,1137374904
474,14,politics,1137375623
474,16,Mafia,1137181640
474,17,Jane Austen,1137181153
474,21,Hollywood,1137206178
474,22,serial killer,1137375496
474,25,alcoholism,1138137555
474,26,Shakespeare,1138137603
474,28,In Netflix queue,1137201942
474,29,kidnapping,1138137473
474,31,high school,1137375502
474,34,Animal movie,1137180956
474,36,death penalty,1137202363
474,38,twins,1137373760
474,40,In Netflix queue,1137202107
474,41,Shakespeare,1138137646
474,43,England,1138137640
474,45,Journalism,1137206826
474,46,wedding,1137375539
474,52,adoption,1137206315
474,58,writing,1138137613
474,62,music,1137374957
474,92,Jekyll and Hyde,1138137574
474,96,theater,1138137537
474,101,crime,1138137460
474,107,muppets,1137375573
474,111,assassination,1137206513
474,116,Holocaust,1138040398
474,122,dating,1137373679
474,140,journalism,1137375031
474,150,moon,1137205234
474,160,Michael Crichton,1137373726
474,161,submarine,1138137497
474,162,In Netflix queue,1137202038
474,185,computers,1137375604
474,199,Made me cry,1137203124
474,215,generation X,1138040410
474,216,school,1137373675
474,222,Ireland,1137181644
474,224,mental illness,1138137516
474,230,Stephen King,1138137506
474,232,In Netflix queue,1137201027
474,235,movie business,1137181651
474,237,basketball,1138137528
474,246,basketball,1137784780
474,247,Australia,1137181666
474,249,Beethoven,1137181672
474,252,Einstein,1137374021
474,257,court,1137375555
474,261,Louisa May Alcott,1137181688
474,262,England,1137206203
474,272,England,1138137566
474,277,Christmas,1137374027
474,279,In Netflix queue,1137202159
474,280,prison,1137375585
474,282,disability,1137375594
474,290,In Netflix queue,1137201907
474,300,TV,1137206376
474,307,Death,1137203087
474,308,marriage,1137206827
474,316,time travel,1138137673
474,317,Christmas,1137374047
474,318,prison,1137205060
474,326,In Netflix queue,1137201797
474,329,Enterprise,1137206491
474,337,mental illness,1137206828
474,338,serial killer,1137375662
474,339,coma,1138137781
474,342,Australia,1138137593
474,345,cross dressing,1138040381
474,349,Tom Clancy,1137180961
474,350,John Grisham,1137375482
474,351,interracial romance,1137374008
474,356,shrimp,1137375519
474,357,wedding,1137375527
474,361,gambling,1138137551
474,363,Holocaust,1137202123
474,371,journalism,1137375629
474,377,bus,1137206476
474,380,spies,1137206826
474,381,alcoholism,1137375043
474,412,Edith Wharton,1137181633
474,421,horses,1138040415
474,425,mental illness,1138040434
474,440,President,1137191329
474,454,John Grisham,1137181658
474,457,based on a TV show,1137784717
474,471,hula hoop,1137375547
474,474,assassination,1138137543
474,475,Ireland,1137181677
474,477,biopic,1138137776
474,480,Dinosaur,1137202921
474,488,Japan,1137375570
474,497,Shakespeare,1137181143
474,500,cross dressing,1137374959
474,508,AIDs,1137375634
474,513,radio,1138137637
474,515,Butler,1137202599
474,516,military,1137374250
474,522,Australia,1138137660
474,524,football,1137375002
474,529,chess,1137181705
474,531,In Netflix queue,1137201896
474,534,C.S. Lewis,1137181163
474,535,large cast,1137206471
474,538,race,1138137665
474,539,Empire State Building,1137203041
474,543,beat poetry,1137203057
474,551,Christmas,1137375615
474,556,politics,1137375666
474,562,adolescence,1137206827
474,586,christmas,1137374182
474,587,overrated,1137180951
474,588,Disney,1137180971
474,590,American Indians,1137180976
474,592,superhero,1137206164
474,593,Hannibal Lector,1137180982
474,594,Disney,1137375648
474,595,Disney,1137180963
474,596,Disney,1137374224
474,597,prostitution,1137206324
474,616,Disney,1138040401
474,638,babies,1137375798
474,647,Gulf War,1137375718
474,648,based on a TV show,1138137584
474,668,India,1138137607
474,670,India,1137181320
474,671,spoof,1138137597
474,673,Bugs Bunny,1137373978
474,708,Veterinarian,1137203107
474,720,Aardman,1137206828
474,728,In Netflix queue,1137202096
474,733,Alcatraz,1137206418
474,736,Disaster,1137180960
474,745,Aardman,1137206827
474,748,aliens,1138137820
474,780,aliens,1137206181
474,800,In Netflix queue,1137201974
474,805,John Grisham,1137375969
474,818,based on a TV show,1137375996
474,830,adultery,1137374123
474,832,kidnapping,1137374242
474,838,Jane Austen,1137375748
474,852,golf,1137374262
474,858,Mafia,1137180955
474,892,Shakespeare,1137375988
474,898,divorce,1137206322
474,899,movie business,1137181713
474,900,France,1138137809
474,902,Capote,1138137849
474,903,falling,1137205255
474,904,voyeurism,1137206380
474,905,Screwball,1137202499
474,906,Brooch,1137191231
474,907,divorce,1137375780
474,908,Mount Rushmore,1138137968
474,909,adultery,1137206162
474,910,men in drag,1137191481
474,911,heist,1138306780
474,912,start of a beautiful friendship,1137202319
474,913,statue,1137206229
474,914,George Bernard Shaw,1137202973
474,915,rich guy - poor girl,1137206449
474,916,Italy,1137206429
474,918,1900s,1138137949
474,919,Dorothy,1137205270
474,920,Civil War,1137374145
474,921,television,1137375857
474,922,movies,1137207406
474,923,Rosebud,1137202868
474,924,Hal,1137368035
474,926,Hollywood,1137202821
474,927,divorce,1137368140
474,928,Mrs. DeWinter,1137202590
474,929,Europe,1140441887
474,930,assassination,1137207035
474,931,amnesia,1138137999
474,934,wedding,1137375767
474,936,Cold War,1137521228
474,938,prostitution,1137374937
474,940,swashbuckler,1138137798
474,941,swashbuckler,1138137943
474,943,ghosts,1138306878
474,944,Shangri-La,1137207008
474,945,Astaire and Rogers,1137181301
474,947,butler,1137521096
474,948,oil,1137206938
474,950,Nick and Nora Charles,1137200994
474,951,Screwball,1137202906
474,952,race,1137375685
474,953,Christmas,1138137927
474,954,Politics,1137202956
474,955,leopard,1137368052
474,956,adoption,1137207058
474,965,fugitive,1137206861
474,968,zombies,1137181787
474,969,missionary,1137202249
474,970,crime,1138306770
474,971,Tennessee Williams,1138137870
474,973,journalism,1138306956
474,976,Hemingway,1137375762
474,986,Animal movie,1137181755
474,991,Ireland,1137375821
474,994,food,1138137832
474,1006,death penalty,1138137880
474,1010,Disney,1137375809
474,1013,twins,1137375864
474,1022,Disney,1137181749
474,1025,Disney,1137375959
474,1028,Disney,1137375815
474,1029,Disney,1137375741
474,1030,Disney,1137374219
474,1032,Disney,1137374073
474,1033,Disney,1137202900
474,1035,Rogers and Hammerstein,1137181179
474,1041,In Netflix queue,1137201463
474,1042,Music,1137203070
474,1066,Astaire and Rogers,1137181830
474,1068,anti-Semitism,1138306851
474,1076,governess,1137521394
474,1079,fish,1137202895
474,1080,Bible,1137375841
474,1081,cross dressing,1138138013
474,1082,politics,1138137861
474,1084,1920s,1138137844
474,1088,dance,1138306856
474,1090,Vietnam,1138137990
474,1093,1960s,1137375736
474,1096,Holocaust,1137375015
474,1097,aliens,1137521204
474,1103,1950s,1137207088
474,1104,Tennessee Williams,1137207146
474,1124,aging,1137207041
474,1125,Clousseau,1137375898
474,1135,military,1137374233
474,1147,boxing,1137201093
474,1148,Aardman,1137368133
474,1171,politics,1137181738
474,1177,Italy,1137191228
474,1178,court,1137521169
474,1179,crime,1138306883
474,1183,adultery,1137374103
474,1185,In Netflix queue,1137201055
474,1187,disability,1137207053
474,1188,Australia,1137202649
474,1189,In Netflix queue,1137201133
474,1196,I am your father,1137202639
474,1197,Inigo Montoya,1137202999
474,1201,spaghetti western,1138137912
474,1203,court,1137206845
474,1204,Middle East,1137206997
474,1206,brainwashing,1138137889
474,1207,Harper Lee,1137191542
474,1208,Vietnam,1138137816
474,1209,spaghetti western,1138137976
474,1210,darth vader,1137207127
474,1212,ferris wheel,1137201067
474,1213,Mafia,1138137920
474,1214,aliens,1137766234
474,1217,samurai,1137207077
474,1220,Saturday Night Live,1137375705
474,1222,Vietnam,1137181761
474,1223,moon,1137205261
474,1224,Shakespeare,1137181778
474,1225,Mozart,1137181247
474,1228,boxing,1137375891
474,1230,New York,1137206872
474,1231,NASA,1137181802
474,1233,submarine,1138137835
474,1234,The Entertainer,1137520998
474,1235,May-December romance,1137206961
474,1237,chess,1137375008
474,1242,Civil War,1137181272
474,1243,Shakespeare sort of,1137181815
474,1244,black and white,1138306904
474,1245,Mafia,1137375832
474,1247,Simon and Garfunkel,1137181084
474,1249,hit men,1138137899
474,1250,POW,1137206891
474,1252,incest,1137521080
474,1253,aliens,1137206910
474,1254,Cold,1137203094
474,1257,skiing,1137375698
474,1259,Stephen King,1137181838
474,1260,serial killer,1137207017
474,1262,POW,1137206951
474,1263,Vietnam,1137375724
474,1266,revenge,1138031666
474,1267,assassination,1137207027
474,1269,murder,1138137828
474,1270,time travel,1137202832
474,1272,World War II,1137181795
474,1276,prison,1137520930
474,1277,In Netflix queue,1137201859
474,1278,spoof,1138031675
474,1280,In Netflix queue,1137201087
474,1281,Nazis,1137206944
474,1282,Disney,1137375752
474,1283,gunfight,1138306895
474,1284,Hammett,1138306774
474,1285,high school,1137368062
474,1291,archaeology,1137206982
474,1292,television,1137206878
474,1293,India,1137191587
474,1296,E. M. Forster,1137191679
474,1299,Cambodia,1138137933
474,1301,Shakespeare sort of,1138306870
474,1302,baseball,1138137903
474,1303,India,1138031736
474,1304,crime,1138137854
474,1307,New York,1137202686
474,1333,birds,1137202841
474,1344,lawyer,1137202856
474,1345,high school,1137784649
474,1348,vampires,1137374972
474,1350,demons,1137368289
474,1353,personals ads,1137202938
474,1354,religion,1137202850
474,1356,Borg,1137202633
474,1358,ex-con,1137203050
474,1361,In Netflix queue,1137201059
474,1363,religion,1137374986
474,1366,Arthur Miller,1137191572
474,1367,dogs,1137374063
474,1372,Klingons,1137203064
474,1374,Captain Kirk,1138031870
474,1376,whales,1137368320
474,1377,superhero,1137374089
474,1380,high school,1137368225
474,1381,high school,1137374154
474,1387,Shark,1137202913
474,1389,shark,1137373926
474,1393,sports,1137205489
474,1394,Coen Brothers,1137181415
474,1396,spying,1138031853
474,1398,Hemingway,1137374949
474,1407,slasher,1138031814
474,1408,Hawkeye,1137368264
474,1411,Shakespeare,1137191597
474,1413,Conan,1137205643
474,1416,Andrew Lloyd Weber,1137374117
474,1423,In Netflix queue,1137202085
474,1441,mental illness,1137375694
474,1446,In Netflix queue,1137201854
474,1449,mockumentary,1137368329
474,1466,Mafia,1137191577
474,1474,jungle,1137374191
474,1485,lawyer,1137375802
474,1496,Tolstoy,1137191560
474,1500,hit men,1137368241
474,1513,reunion,1137375929
474,1537,ballroom dance,1137368308
474,1542,In Netflix queue,1137202048
474,1544,dinosaurs,1137373781
474,1545,death,1138031807
474,1573,transplants,1137205452
474,1580,aliens,1137205519
474,1586,military,1137374138
474,1608,president,1137375681
474,1610,Tom Clancy,1137191607
474,1617,Police,1137191242
474,1635,1970s,1137191612
474,1643,England,1137375849
474,1645,lawyers,1137374095
474,1650,Henry James,1138031883
474,1653,future,1137205460
474,1663,military,1137375949
474,1672,In Netflix queue,1137202154
474,1674,Amish,1137521041
474,1680,alternate universe,1138031846
474,1682,TV,1137205617
474,1683,Henry James,1137181445
474,1711,Savannah,1137374207
474,1717,sequel,1138031833
474,1719,Canada,1139838573
474,1721,shipwreck,1138031879
474,1732,Coen Brothers,1138306661
474,1735,Charles Dickens,1137374163
474,1748,amnesia,1138031699
474,1777,1980s,1137205630
474,1797,In Netflix queue,1137201971
474,1810,politics,1137374994
474,1834,twist ending,1138031861
474,1836,No DVD at Netflix,1137179444
474,1893,In Netflix queue,1137201105
474,1900,In Netflix queue,1137201889
474,1902,generation X,1138031706
474,1909,conspiracy,1137205667
474,1912,heist,1138031795
474,1913,Australia,1137191654
474,1917,space,1137373862
474,1931,ships,1138031771
474,1938,alcoholism,1137766211
474,1940,anti-Semitism,1137368219
474,1942,Huey Long,1137201047
474,1945,boxing,1137191644
474,1947,Gangs,1137202674
474,1950,racism,1137520942
474,1951,Dickens,1137191634
474,1952,prostitution,1138031755
474,1953,drugs,1137368199
474,1954,boxing,1137191671
474,1955,divorce,1137181397
474,1957,Olympics,1137181069
474,1959,adultery,1138031923
474,1960,China,1137368246
474,1961,autism,1137191663
474,1962,rasicm,1137368186
474,1975,Jason,1137374129
474,1976,Jason,1137373611
474,1977,Jason,1137373908
474,1978,Jason,1137373605
474,1979,Jason,1137373625
474,1983,halloween,1137374175
474,1984,halloween,1137374180
474,1994,ghosts,1138031804
474,1995,ghosts,1137374228
474,1996,ghosts,1137373825
474,1997,demons,1137368191
474,2006,California,1138031745
474,2011,time travel,1137374084
474,2019,samurai,1137368312
474,2020,adultery,1137368176
474,2022,Bible,1137202075
474,2028,World War II,1137180952
474,2054,Disney,1138032013
474,2058,police,1138032116
474,2059,twins,1137374214
474,2064,General Motors,1138032156
474,2065,In Netflix queue,1137202057
474,2066,memory,1138032133
474,2070,music,1137191821
474,2071,AIDs,1137200442
474,2076,sexuality,1137418851
474,2078,Disney,1138032023
474,2080,Disney,1138032086
474,2085,Disney,1137191781
474,2097,carnival,1138559451
474,2100,mermaid,1137191808
474,2108,weather forecaster,1138032081
474,2114,S.E. Hinton,1137191789
474,2115,archaeology,1137784519
474,2116,Tolkein,1137374427
474,2118,Stephen King,1137191728
474,2121,Stephen King,1137374355
474,2122,Stephen King,1137373696
474,2139,mice,1137521184
474,2145,1980s,1138032148
474,2167,vampires,1137374320
474,2171,aquarium,1137202573
474,2186,murder,1137205604
474,2187,theater,1140467428
474,2194,Capone,1138032218
474,2202,survival,1137205513
474,2203,small towns,1138032173
474,2206,paranoia,1137205610
474,2208,train,1137271242
474,2243,journalism,1137205380
474,2247,Mafia,1137374432
474,2248,In Your Eyes,1137202613
474,2249,Mafia,1137374445
474,2268,court,1137191761
474,2291,freaks,1137205437
474,2295,Screwball,1137202461
474,2300,Broadway,1137205562
474,2302,court,1137374439
474,2310,adolescence,1138032095
474,2312,death penalty,1137374919
474,2313,freaks,1137205442
474,2324,Holocaust,1137181119
474,2334,terrorism,1138032178
474,2335,football,1137374560
474,2336,England,1137191737
474,2351,In Netflix queue,1137202131
474,2355,Pixar,1137191711
474,2357,South America,1137205389
474,2360,In Netflix queue,1137201464
474,2390,In Netflix queue,1137202019
474,2391,heist,1138032185
474,2394,Bible,1137191285
474,2396,England,1137191800
474,2410,boxing,1137374485
474,2411,boxing,1137373840
474,2412,boxing,1137373964
474,2420,martial arts,1138032051
474,2421,martial arts,1137374406
474,2422,martial arts,1137374411
474,2423,christmas,1137373883
474,2424,e-mail,1137202717
474,2431,doctors,1137373812
474,2442,In Netflix queue,1137201903
474,2463,kidnapping,1137374497
474,2467,religion,1140703344
474,2470,Australia,1137374348
474,2471,Australia,1137373731
474,2491,food,1137374514
474,2494,Holocaust,1137179426
474,2502,stapler,1138032123
474,2506,disability,1137374460
474,2517,Stephen King,1137373705
474,2529,twist ending,1138032140
474,2550,ghosts,1138032008
474,2553,evil children,1138038893
474,2554,evil children,1138038892
474,2565,Siam,1137191238
474,2572,Shakespeare sort of,1137374893
474,2581,high school,1138032122
474,2583,southern US,1138031988
474,2598,golfing,1137374470
474,2600,virtual reality,1138031996
474,2612,motherhood,1138032112
474,2628,prequel,1138032197
474,2640,superhero,1138032200
474,2641,superhero,1138032201
474,2642,superhero,1137373986
474,2648,In Netflix queue,1137200966
474,2660,aliens,1137521194
474,2664,1950s,1138032017
474,2677,In Netflix queue,1137202023
474,2692,alternate endings,1138032166
474,2693,Star Trek,1138032207
474,2699,spiders,1137373650
474,2710,claims to be true,1138031976
474,2712,sexuality,1138032003
474,2716,ghosts,1137205464
474,2717,Ghosts,1137373633
474,2719,remake,1137373916
474,2723,superhero,1137205533
474,2726,heist,1137205507
474,2728,crucifixion,1137520905
474,2745,Missionary,1137202541
474,2750,nostalgia,1137443255
474,2761,robots,1138032019
474,2787,Stephen King,1137374342
474,2791,aviation,1138031941
474,2797,children,1138032265
474,2801,gambling,1137205541
474,2803,lawyers,1137374982
474,2804,Christmas,1137191720
474,2827,aliens,1137374307
474,2863,Beatles,1138032352
474,2871,river,1138032293
474,2872,England,1137191745
474,2905,In Netflix queue,1137201967
474,2915,prostitution,1137374478
474,2918,High School,1137191753
474,2919,Academy award (Best Supporting Actress),1137367916
474,2927,adultery,1138032272
474,2935,gambling,1138032373
474,2937,screwball,1137205550
474,2939,In Netflix queue,1137202140
474,2940,nightclub,1138032341
474,2941,island,1138032457
474,2943,Vietnam,1138804253
474,2952,gambling,1137191914
474,2966,brothers,1138032507
474,2967,evil children,1138038912
474,2968,time travel,1138032520
474,2987,live action/animation,1138032544
474,3000,anime,1138032418
474,3006,tobacco,1138032361
474,3007,In Netflix queue,1137201930
474,3011,dance marathon,1137191967
474,3028,Shakespeare,1137374544
474,3030,samurai,1138032553
474,3039,class,1138032532
474,3040,camp,1137373789
474,3044,memory,1137202357
474,3060,In Netflix queue,1137201892
474,3071,high school,1137375023
474,3072,New York,1137191274
474,3077,In Netflix queue,1137201542
474,3081,Ichabod Crane,1137374535
474,3087,christmas,1137271226
474,3095,depression,1137205475
474,3097,remade,1138032435
474,3098,baseball,1137201875
474,3101,adultery,1138032312
474,3108,homeless,1137374925
474,3111,racism,1138032385
474,3115,men in drag,1137191883
474,3125,Graham Greene,1137191874
474,3135,fatherhood,1138032346
474,3147,Stephen King,1137191901
474,3152,black-and-white,1137521245
474,3160,L.A.,1137202527
474,3174,Andy Kaufman,1137191943
474,3175,spoof,1138032315
474,3178,boxing,1137374389
474,3181,Shakespeare,1137179352
474,3192,In Netflix queue,1137201464
474,3210,high school,1137374381
474,3211,a dingo ate my baby,1137191854
474,3247,nuns,1137374526
474,3250,In Netflix queue,1137202163
474,3258,plastic surgery,1137375095
474,3259,Ireland,1137375116
474,3260,E.M. Forster,1137181368
474,3263,basketball,1137374566
474,3270,figure skating,1137375084
474,3273,slasher,1138032428
474,3281,sexuality,1137374330
474,3306,big top,1137205399
474,3307,blind,1137205412
474,3310,orphans,1138032366
474,3317,writing,1138032548
474,3330,adolescence,1138032469
474,3338,In Netflix queue,1137201680
474,3341,remade,1138032286
474,3360,basketball,1137784798
474,3384,subway,1138032512
474,3385,Peace Corp,1137374553
474,3386,politics,1137191934
474,3408,scandal,1138032304
474,3420,lawyers,1137375055
474,3421,college,1137374581
474,3424,racism,1137191865
474,3429,aardman,1140626569
474,3435,Insurance,1137520877
474,3447,Pearl S Buck,1137191895
474,3451,Hepburn and Tracy,1137181361
474,3456,In Netflix queue,1137201463
474,3461,island,1138032377
474,3462,factory,1137205526
474,3468,pool,1137521005
474,3469,court,1137375171
474,3475,class,1138032413
474,3489,Peter Pan,1137191920
474,3498,In Netflix queue,1137201900
474,3502,death,1137375216
474,3504,journalism,1137191950
474,3507,In Netflix queue,1137200453
474,3512,transplants,1137205572
474,3515,alternate endings,1138032711
474,3526,families,1138032724
474,3528,psychiatrist,1137374751
474,3536,priest,1137181376
474,3546,show business,1138032886
474,3548,1920s,1137205331
474,3549,Gambling,1137191235
474,3552,golf,1137374630
474,3559,In Netflix queue,1137202015
474,3566,business,1137205342
474,3608,Pee Wee Herman,1138032732
474,3629,mining,1138032660
474,3675,Christmas,1137205636
474,3676,In Netflix queue,1137202167
474,3683,Coen Brothers,1137521124
474,3712,television,1137375317
474,3723,Shakespeare,1137191908
474,3724,Vietnam,1137201954
474,3730,spying,1138032598
474,3735,police,1138032794
474,3801,court,1137191841
474,3811,court,1138032584
474,3816,missing children,1138032720
474,3844,diabetes,1137375348
474,3849,disability,1138032820
474,3859,In Netflix queue,1137201554
474,3877,superhero,1137374791
474,3910,blindness,1138032613
474,3932,invisibility,1138032669
474,3949,drug abuse,1137192093
474,3951,In Netflix queue,1137179732
474,3967,ballet,1137191989
474,3983,family,1137205683
474,3988,Dr. Seuss,1137373756
474,3994,superhero,1137205619
474,3996,china,1138032606
474,4007,business,1138032878
474,4012,stand-up comedy,1137374767
474,4019,writing,1138032630
474,4024,Edith Wharton,1137375144
474,4025,pageant,1137374719
474,4027,bluegrass,1137520959
474,4029,movies,1137205589
474,4046,Quakers,1138032635
474,4077,psychopaths,1138039049
474,4105,zombies,1137374672
474,4113,Tennessee Williams,1137192025
474,4117,In Netflix queue,1137200919
474,4138,demons,1137373794
474,4160,death penalty,1137205651
474,4164,homeless,1138032589
474,4166,reality TV,1137374777
474,4171,Eugene O'Neill,1137192041
474,4174,In Netflix queue,1137200882
474,4184,Christmas,1138032577
474,4189,Bible,1137375121
474,4190,preacher,1137520919
474,4191,sexuality,1138032573
474,4194,In Netflix queue,1137201575
474,4204,virginity,1137373770
474,4210,Hannibal Lecter,1139059882
474,4211,von Bulow,1137192103
474,4214,college,1137374771
474,4218,In Netflix queue,1137202093
474,4221,football,1137374725
474,4232,spying,1138032824
474,4246,singletons,1137205374
474,4259,Nabokov,1137192047
474,4263,alcoholism,1138032622
474,4292,Union,1137192082
474,4296,death,1137374704
474,4306,fairy tales,1137205586
474,4312,In Netflix queue,1137202173
474,4316,figure skating,1137375157
474,4326,race,1137375204
474,4333,Strangers on a Train,1138032832
474,4347,Holocaust,1138032626
474,4356,In Netflix queue,1137201794
474,4359,adultery,1138032800
474,4361,men in drag,1138032838
474,4380,accident,1138032770
474,4396,race,1137373684
474,4404,In Netflix queue,1137200537
474,4447,lawyers,1138032674
474,4448,heist,1138032773
474,4465,rape,1138032565
474,4476,twins,1137374622
474,4477,circus,1137373669
474,4489,Africa,1137766266
474,4495,New York,1137202342
474,4526,aliens,1137373948
474,4537,hippies,1137205576
474,4545,robots,1137374781
474,4546,kidnapping,1138032855
474,4558,twins,1137374798
474,4571,time travel,1137205348
474,4600,doctors,1137375124
474,4621,babies,1137374699
474,4623,baseball,1137374712
474,4638,dinosaurs,1137374692
474,4639,Hollywood,1137375071
474,4641,adolescence,1138032652
474,4677,dogs,1137373991
474,4678,television,1138032842
474,4688,In Netflix queue,1137201126
474,4787,prodigies,1138032687
474,4801,family,1138032678
474,4808,remake,1137374805
474,4809,Nuclear disaster,1137367824
474,4812,NASA,1137374786
474,4823,wedding,1138032791
474,4835,Loretta Lynn,1137192003
474,4857,Judaism,1138039170
474,4874,aliens,1137375186
474,4881,Coen Brothers,1137192055
474,4902,ghosts,1137367852
474,4920,psychology,1138039319
474,4963,heist,1138039322
474,4969,In Netflix queue,1137179563
474,4970,nightclub,1138039117
474,4973,whimsical,1137202289
474,4979,new york,1137271220
474,4980,time travel,1138039109
474,4998,racism,1139102582
474,5008,Agatha Christie,1138039430
474,5012,cross dressing,1138039463
474,5015,race,1138039271
474,5034,Ghost,1137191298
474,5064,Dumas,1138039163
474,5114,movie business,1138039083
474,5120,In Netflix queue,1137200871
474,5135,India,1137192060
474,5139,baseball,1137373653
474,5213,religion,1137373958
474,5224,In Netflix queue,1137201464
474,5238,In Netflix queue,1137202052
474,5266,crime,1138039345
474,5294,religion,1138039177
474,5304,In Netflix queue,1137200961
474,5316,World War II,1137375111
474,5349,superhero,1137206068
474,5353,blind,1137784621
474,5377,Nick Hornby,1137181073
474,5379,anti-Semitism,1137205732
474,5398,boxing,1138039410
474,5404,books,1138039075
474,5445,future,1137206007
474,5446,Australia,1137181573
474,5450,sisterhood,1138039255
474,5451,disability,1137375287
474,5470,Oscar Wilde,1137181530
474,5475,In Netflix queue,1137201978
474,5483,movie business,1137181538
474,5498,In Netflix queue,1137179781
474,5502,aliens,1137206065
474,5505,adultery,1137205854
474,5527,AS Byatt,1138039372
474,5528,photography,1138039335
474,5548,homeless,1137374645
474,5577,adolescence,1138039226
474,5601,Animal movie,1138039452
474,5603,crime,1138039241
474,5618,anime,1137206076
474,5629,Bible,1137374683
474,5630,Hannibal Lecter,1139059884
474,5633,bombs,1138039202
474,5644,baseball,1138039381
474,5669,violence in america,1138039133
474,5673,pudding,1137206033
474,5682,Holocaust,1138039189
474,5685,Girl Power,1137206048
474,5690,made me cry,1137205866
474,5721,In Netflix queue,1137200976
474,5747,World War I,1137181512
474,5791,art,1138039181
474,5792,dating,1137375296
474,5802,teenagers,1138039442
474,5812,salute to Douglas Sirk,1137181505
474,5816,Magic,1137205882
474,5820,music business,1138039419
474,5875,short films,1137375257
474,5876,Graham Greene,1138039395
474,5878,coma,1138039423
474,5899,Africa,1137442538
474,5954,crime,1138039070
474,5971,anime,1138039281
474,5989,crime,1138039137
474,5991,court,1138039145
474,5994,Dickens,1138039286
474,6002,drugs,1138307168
474,6003,television,1138307058
474,6020,class,1138307024
474,6027,In Netflix queue,1137200848
474,6031,motherhood,1138039234
474,6041,In Netflix queue,1137200888
474,6063,doll,1137375194
474,6090,ghosts,1138307131
474,6101,Chile,1137900975
474,6104,spoof,1138039279
474,6156,England,1138307301
474,6159,adolescence,1138307031
474,6163,obsession,1137205905
474,6170,horses,1138307048
474,6178,blind,1138039358
474,6181,Civil War,1138039404
474,6183,Day and Hudson,1138039366
474,6195,books,1138498655
474,6197,mental illness,1138307351
474,6201,England,1137191244
474,6216,World War II,1138307229
474,6218,soccer,1138039102
474,6228,In Netflix queue,1137201613
474,6232,animal movie,1138039126
474,6235,Holocaust,1138307079
474,6238,immigrants,1138307096
474,6242,television,1138307280
474,6244,In Netflix queue,1137201921
474,6245,prostitution,1138307361
474,6254,screwball,1137181469
474,6268,adolescence,1138307261
474,6269,Big Brothers,1137206096
474,6273,L.A.,1137521025
474,6281,crime,1138307249
474,6286,amnesia,1138039259
474,6288,gangs,1138307044
474,6289,Titanic,1138307085
474,6291,prostitution,1138039248
474,6296,mockumentary,1138039267
474,6297,children,1138307101
474,6299,birds,1138307384
474,6305,Ray Bradbury,1137181490
474,6308,lawyers,1137374834
474,6327,1970s,1138486479
474,6331,spelling bee,1138039807
474,6333,Jean Grey,1137202706
474,6334,teachers,1138039540
474,6337,gambling,1138307244
474,6339,trains,1138307176
474,6341,art,1138307304
474,6350,anime,1138039543
474,6368,movies,1138307051
474,6373,religion,1137375076
474,6375,In Netflix queue,1137200486
474,6377,Disney,1138039593
474,6378,heist,1138307128
474,6380,child abuse,1137205738
474,6385,Girl Power,1137202810
474,6390,Ninotchka remake,1138307320
474,6407,Olympics,1137374882
474,6422,Civil War,1138039799
474,6440,movie business,1138307037
474,6452,In Netflix queue,1137201737
474,6454,Nazis,1138307204
474,6466,In Netflix queue,1137202027
474,6515,fugitive,1137206135
474,6516,In Netflix queue,1137202127
474,6535,politics,1137374839
474,6536,swashbuckler,1138307326
474,6539,swashbuckler,1138307257
474,6545,Dodie Smith,1137181524
474,6547,flood,1137375241
474,6552,immigration,1138039559
474,6565,horses,1138307288
474,6579,Japan,1138307236
474,6591,religion,1138039719
474,6592,marriage,1138039795
474,6603,Othello,1137375103
474,6609,Bible,1138307089
474,6620,cancer,1137205715
474,6636,road trip,1138307356
474,6639,blindness,1138307381
474,6650,family,1138039708
474,6660,ballet,1138307265
474,6662,Clousseau,1137375266
474,6667,FBI,1138307378
474,6668,In Netflix queue,1137179689
474,6669,terminal illness,1138039639
474,6708,con men,1138307183
474,6710,vertriloquism,1138307069
474,6713,In Netflix queue,1137201914
474,6724,In Netflix queue,1137201684
474,6732,matchmaker,1137375130
474,6744,vampire,1137375236
474,6753,Animal movie,1138307295
474,6768,religion,1138039714
474,6770,adultery,1138307212
474,6773,biking,1138307369
474,6776,India,1137181544
474,6785,Lonesome Polecat,1137206059
474,6786,In Netflix queue,1137201845
474,6787,journalism,1138039529
474,6788,pregnancy,1137374818
474,6791,Food,1137191312
474,6807,british comedy,1138307193
474,6810,domestic violence,1138307335
474,6820,werewolf,1138039608
474,6832,amnesia,1138307274
474,6849,Christmas,1137374871
474,6852,black and white,1138307125
474,6856,biopic,1138039917
474,6863,school,1138307284
474,6867,trains,1138039811
474,6870,child abuse,1138307224
474,6874,martial arts,1138039672
474,6881,Thanksgiving,1137181567
474,6890,adolescence,1138039574
474,6909,transplants,1138039587
474,6912,Rita Hayworth can dance!,1137179371
474,6918,India,1138039870
474,6932,journalism,1137181582
474,6936,christmas,1138039581
474,6944,remake,1137374824
474,6948,music business,1138039867
474,6963,Amish,1137181478
474,6970,Hepburn and Tracy,1137521576
474,6979,Cold War,1138039874
474,6981,religion,1138039909
474,6984,Dickens,1138039822
474,6985,saint,1137206024
474,6993,family,1138039618
474,7013,good and evil,1137206020
474,7018,court,1137375276
474,7023,In Netflix queue,1137179697
474,7025,In Netflix queue,1137179593
474,7049,Astaire and Rogers,1137784580
474,7050,Astaire and Rogers,1137784592
474,7053,Astaire and Rogers,1138039791
474,7055,Astaire and Rogers,1138039819
474,7059,horses,1138039728
474,7061,terminal illness,1138039554
474,7062,birds,1138039535
474,7069,In Netflix queue,1137201628
474,7070,cattle drive,1138039780
474,7071,In Netflix queue,1137201154
474,7073,Clousseau,1137375451
474,7079,disability,1137375406
474,7086,George Bernard Shaw,1137201703
474,7087,E.M. Forster,1138039751
474,7088,In Netflix queue,1137202031
474,7090,martial arts,1138039622
474,7091,Marx brothers,1138559500
474,7121,Hepburn and Tracy,1137181204
474,7132,Marx brothers,1138039735
474,7139,immigrants,1138039653
474,7141,In Netflix queue,1137201569
474,7156,Vietnam,1138039601
474,7158,real estate,1137205933
474,7160,serial killer,1138039725
474,7162,Civil War,1138039548
474,7190,Charlotte Bronte,1140047502
474,7212,cross dressing,1138039664
474,7217,amnesia,1137521621
474,7218,In Netflix queue,1137179905
474,7219,truckers,1138039826
474,7234,circus,1137206103
474,7256,mountain climbing,1138039857
474,7285,adolescence,1138039837
474,7301,priest,1137521429
474,7318,religion,1138039757
474,7323,Cold War,1138039614
474,7371,Grace,1137205800
474,7382,adolescence,1138039629
474,7438,revenge,1137205948
474,7440,Holocaust,1142279175
474,7479,World War II,1138039893
474,7493,multiple personalities,1138039850
474,7572,cancer,1137181595
474,7584,Hepburn and Tracy,1138039906
474,7614,Rogers and Hammerstein,1138040199
474,7618,biopic,1137201647
474,7619,blindness,1138040167
474,7646,Stephen King,1137374860
474,7649,space station,1138039958
474,7700,In Netflix queue,1137201116
474,7705,Hepburn and Tracy,1137521641
474,7713,sexuality,1138040011
474,7714,King Arthur,1138039998
474,7728,adultery,1138040205
474,7748,In Netflix queue,1137202002
474,7766,MacBeth,1138040268
474,7789,terrorism,1138039932
474,7792,In Netflix queue,1137200939
474,7831,Nick and Nora Charles,1137201638
474,7832,Nick and Nora Charles,1137201717
474,7833,Nick and Nora Charles,1137201661
474,7834,Nick and Nora Charles,1137200666
474,7835,Nick and Nora Charles,1137201747
474,7924,In Netflix queue,1137201677
474,7926,In Netflix queue,1137179753
474,7932,Amtrak,1137271192
474,7934,psychology,1138040275
474,7981,police,1138040118
474,7983,show business,1138039989
474,8011,politics,1143998541
474,8014,In Netflix queue,1137200544
474,8019,remade,1138040062
474,8033,In Netflix queue,1137200492
474,8094,In Netflix queue,1137179631
474,8153,Van Gogh,1137375419
474,8167,swashbuckler,1138040004
474,8183,In Netflix queue,1137201001
474,8188,Not available from Netflix,1137179956
474,8190,In Netflix queue,1137201864
474,8191,Anne Boleyn,1138039949
474,8197,In Netflix queue,1137202144
474,8207,assassination,1138040067
474,8228,heist,1138040147
474,8235,Clock,1137202793
474,8266,Prince,1137375433
474,8275,In Netflix queue,1137201789
474,8337,military,1138039993
474,8338,convent,1138039973
474,8341,Dickens,1137200651
474,8360,ogres,1138040236
474,8366,pregnancy,1138040220
474,8368,Magic,1137202784
474,8375,politics,1137375412
474,8376,high school,1138040176
474,8379,In Netflix queue,1137200899
474,8382,death,1137375392
474,8424,divorce,1138040077
474,8446,World War II,1137375442
474,8463,deafness,1138040133
474,8464,food,1138040254
474,8507,circus,1138040090
474,8530,Ireland,1138040071
474,8580,fairy tales,1137201021
474,8607,In Netflix queue,1137201077
474,8609,In Netflix queue,1137179727
474,8622,politics,1138040083
474,8636,Doc Ock,1137202798
474,8638,generation X,1138039967
474,8645,drugs,1138040155
474,8695,court,1137375369
474,8714,Cole Porter,1137375425
474,8754,Oscar (Best Actress),1142282521
474,8765,In Netflix queue,1137179707
474,8784,psychology,1138040105
474,8796,Rome,1137375385
474,8809,Australia,1138040052
474,8827,Stand Up,1138039969
474,8838,In Netflix queue,1137179758
474,8874,zombies,1138040225
474,8875,alcoholism,1138040042
474,8879,Agatha Christie,1145755135
474,8880,disability,1138040162
474,8914,time travel,1138040211
474,8920,Oscar (Best Actress),1142282522
474,8938,parenthood,1138040262
474,8943,stage,1137375373
474,8949,wine,1138040242
474,8951,abortion,1138040272
474,8958,biopic,1138040214
474,8961,Disney,1138040115
474,8970,Peter Pan,1138040086
474,8979,Hearst,1137521449
474,8983,martial arts,1138040109
474,8998,In Netflix queue,1137179738
474,9018,journalism,1138040046
474,25753,gold,1139940948
474,25825,revenge,1137205843
474,25841,show business,1138040249
474,25855,In Netflix queue,1137179637
474,25865,In Netflix queue,1137201652
474,25886,made me cry,1137206038
474,25940,mirrors,1137521290
474,25952,In Netflix queue,1137179713
474,26085,Not available from Netflix,1137179665
474,26131,In Netflix queue,1137200982
474,26151,donkey,1145749895
474,26242,In Netflix queue,1137179570
474,26662,anime,1138040136
474,26776,In Netflix queue,1137179786
474,27731,In Netflix queue,1137201122
474,27741,In Netflix queue,1137179587
474,27790,religion,1138040326
474,27820,Animal movie,1138040358
474,27834,fatherhood,1138040348
474,27838,revenge,1137205953
474,27878,India,1138038974
474,27882,surfing,1139939407
474,30707,boxing,1138040320
474,30749,genocide,1137205917
474,30793,roald dahl,1138038979
474,30812,biopic,1138038949
474,30820,child abuse,1137206121
474,30822,busniess,1137205938
474,30850,Shakespeare,1137181555
474,31030,motherhood,1138040311
474,31437,orphans,1138040341
474,31903,marriage,1138040364
474,31923,In Netflix queue,1137200865
474,32160,In Netflix queue,1137179674
474,32371,In Netflix queue,1137202044
474,32582,birds,1138804206
474,32584,fatherhood,1138038959
474,33154,business,1137766122
474,33166,racism,1138038982
474,33493,space,1137206087
474,34271,hip hop,1141848751
474,34359,pregnancy,1138040301
474,34437,In Netflix queue,1137179720
474,34482,In Netflix queue,1137202180
474,34528,pregnancy,1139693892
474,34542,Animal movie,1138039000
474,35015,Animal movie,1137180081
474,36517,Africa,1139234947
474,36527,mathematics,1137201998
474,36535,In Netflix queue,1137201162
474,37240,In Netflix queue,1138804230
474,37733,In Netflix queue,1137200955
474,37736,Dickens,1139940656
474,37741,Truman Capote,1142996187
474,38038,06 Oscar Nominated Best Movie - Animation,1139664190
474,38886,divorce,1145451837
474,39234,courtroom drama,1140576326
474,39292,In Netflix queue,1137201595
474,40583,In Netflix queue,1137200527
474,40629,In Netflix queue,1137179797
474,40815,Magic,1137202776
474,40819,Johnny Cash,1137200595
474,41566,C.S. Lewis,1137181617
474,41997,In Netflix queue,1137179603
474,42002,In Netflix queue,1137202150
474,42740,In Netflix queue,1138804237
477,1274,animation,1244787931
477,2393,cameo:Whoopi Goldberg,1242278473
477,2694,Adam Sandler,1244787788
477,2706,best comedy,1244707216
477,4454,claymation,1245030193
477,4725,mental hospital,1252820163
477,5459,crappy sequel,1262795620
477,7439,comic book,1201196824
477,8783,Atmospheric,1242580424
477,41569,big budget,1262795959
477,42422,love,1252377761
477,45499,Halle Berry,1262795979
477,45730,bad,1242580531
477,47610,costume drama,1242580608
477,52885,dreamlike,1256051008
477,53468,zombies,1254101434
477,54503,friendship,1244566102
477,55167,anime,1282924582
477,56174,alone in the world,1262795676
477,56367,Michael Cera,1244566158
477,57669,black comedy,1269832562
477,59141,movies about movies,1241396155
477,60069,last man on earth,1241396252
477,62336,2D animation,1282924611
477,66934,joss whedon,1244788368
477,67087,Andy Samberg,1269833868
477,68237,2001-like,1252898614
477,68358,future,1245030304
477,68791,artificial intelligence,1262795849
477,68945,Recap,1246349071
477,69526,bad plot,1262795720
477,69757,artistic,1279956134
477,70286,intelligent sci-fi,1250476969
477,72224,bad humor,1296891269
477,72998,bad science,1262707524
477,79702,geeky,1282923864
477,82242,male nudity,1293690470
477,82461,action choreography,1296891206
487,112552,passion,1429347541
509,80834,adventure,1435992979
520,60516,enjoyable,1326610782
537,8533,memory loss,1424141963
537,55765,corruption,1424139519
537,58295,heist,1424139043
537,69122,casino,1424140307
537,69481,war,1424144802
537,80489,crime,1424139483
537,80906,business,1424461859
537,89745,Captain America,1424140576
537,90439,bank,1424141059
537,92259,emotional,1424141413
537,95067,interesting scenario,1424140932
537,95441,crude humor,1424140358
537,97304,cia,1424138568
537,104218,Adam Sandler,1424317302
537,104841,cliche characters,1424140813
537,105504,hostage,1424141178
543,85565,Comedy,1377022063
567,1916,avant-garde romantic comedy,1525282933
567,2138,atmospheric,1525283760
567,2731,emotional,1525285761
567,3134,downbeat,1525287634
567,3266,black comedy,1525283004
567,3671,dark humor,1525283215
567,4144,atmospheric,1525283524
567,4552,"""artsy""",1525285878
567,6214,dark,1525283391
567,6818,atmospheric,1525282332
567,7024,bleak,1525283990
567,8335,heartbreaking,1525285746
567,8477,post-apocalyptic,1525282477
567,25771,mindfuck,1525282469
567,26717,boring,1525285892
567,27773,bizarre,1525283311
567,30810,heartwarming,1525284057
567,40491,depression,1525282384
567,45880,cinematography,1525287347
567,48394,atmospheric,1525286824
567,56782,atmospheric,1525283248
567,57502,abstract,1525285566
567,63062,emotional,1525286194
567,71899,bittersweet,1525283044
567,74791,surreal,1525286112
567,80463,good dialogue,1525286347
567,94959,quirky,1525286360
567,95558,Beautiful,1525287504
567,96079,beautiful cinematography,1525287362
567,99764,moving,1525282453
567,99917,artistic,1525286643
567,104875,quirky,1525285913
567,104944,emotional,1525285982
567,106766,atmospheric,1525283920
567,107406,fatalistic,1525286785
567,108932,cheeky,1525283702
567,112421,adorable,1525283433
567,112852,funny,1525285382
567,113705,bittersweet,1525286093
567,114627,atmospheric,1525286623
567,116797,inspirational,1525286868
567,117877,philosophical,1525287615
567,117887,heartwarming,1525285938
567,119145,slick,1525286728
567,122882,beautiful,1525283844
567,122916,awesome,1525285267
567,122918,fun,1525286132
567,122922,visually appealing,1525287157
567,127298,depressing,1525286249
567,134130,smart,1525287677
567,134170,funny,1525283492
567,138036,slick,1525287196
567,139644,atmospheric,1525286568
567,140174,moving,1525287480
567,141890,Moving,1525286977
567,143367,contemplative,1525283159
567,148626,funny,1525287708
567,148881,Existential,1525282419
567,152077,creepy,1525287447
567,153070,nightmare,1525282902
567,155288,suspense,1525286165
567,156605,quirky,1525283453
567,161634,intense,1525287241
567,164179,beautiful visuals,1525285690
567,164909,Bittersweet,1525287656
567,167746,funny,1525285825
567,168252,dark,1525283942
567,170945,paranoia,1525286504
567,174055,brilliant,1525285239
567,176371,atmospheric,1525283076
567,176419,allegorical,1525287584
567,180031,atmospheric,1525284150
567,180985,bad music,1525285320
573,248,bad,1186589145
573,413,Comedy,1186588856
573,540,bad,1186588897
573,707,bad,1186588902
573,836,seen at the cinema,1186588944
573,1779,good,1186588894
573,1801,seen more than once,1186588917
573,2662,classic,1186588962
573,2951,bad,1186588901
573,4015,bad,1186589039
573,4343,really bad,1186589079
573,4446,sci-fi,1186588886
573,5254,Great movie,1186589125
573,6157,bad,1186589133
573,35836,BEST PICTURE,1186589105
573,52712,HORRIBLE ACTING,1186722048
600,273,gothic,1237739064
606,1357,music,1176765393
606,1948,British,1177512649
606,5694,70mm,1175638092
606,6107,World War II,1178473747
606,7936,austere,1173392334
610,3265,gun fu,1493843984
